name,url,recent
Learn 3DS Max: Low Poly Sword,https://www.udemy.com/course/low-poly-sword/?couponCode=9DDD7E909A28EB69F12A,False
First Steps Into Critical Thinking,https://www.udemy.com/course/critical-thinking-in-the-workplace/?couponCode=FEB2020,False
SEO 2020: Training with SEO Expert for Beginners,https://www.udemy.com/course/seo-training-with-seo-expert-for-beginners/?couponCode=C8B62BA6732ACB09385C,False
The ART of Attraction,https://www.udemy.com/course/the-art-of-attractionthe-how-to-make-him-obssessed-with-you/?couponCode=FB83D9BF490060FB95A9,False
AWS SOA-C00 Certified Sys Ops Assistant Administrator Exam,https://www.udemy.com/course/aws-soa-c00-certified-sys-ops-assistant-administrator-exam/?couponCode=ASSISTANT,False
PW0-070 Certified Wireless Technology Expert Practice Exam,https://www.udemy.com/course/pw0-070-certified-wireless-technology-expert-practice-exam/?couponCode=EXPERT,False
CompTIA CT0-101 Convergence+ Certification Practice Exam,https://www.udemy.com/course/comptia-ct0-101-convergence-certification-practice-exam/?couponCode=PRACTICE,False
PMI CAPM Certify Associate Project Management Practice Exam,https://www.udemy.com/course/pmi-capm-certify-associate-project-management-practice-exam-z/?couponCode=PROJECT,False
200-310 Cisco Network Design Solutions Practice Exam,https://www.udemy.com/course/200-310-cisco-network-design-solutions-practice-exam/?couponCode=DESIGN,False
156-215.70 Check Point Security Administrator Certified Exam,https://www.udemy.com/course/156-21570-check-point-security-administrator-certified-exam/?couponCode=SECURITY,False
Synthetic Intelligence : Learning GIT with Github and Gitlab,https://www.udemy.com/course/synthetic-intelligence-learning-git-with-github-and-gitlab/?couponCode=ED18CA6AF64CD303139C,False
Mastering Arduino From beginners To Core Advance,https://www.udemy.com/course/mastering-arduino-from-beginners-to-core-advance/?couponCode=F2C5B4A7E63BCD7F08A4,False
LEARNING THE CONCEPT OF PCB DESIGNING WITH A PROJECT,https://www.udemy.com/course/learning-the-concept-of-pcb-engineering-with-a-live-project/?couponCode=F104B93EF326D7A4D56B,False
Python Programming Beginners Tutorial : Python 3 Programming,https://www.udemy.com/course/a-laymans-guide-to-python/?couponCode=LEARN_PYTHON_FEB,False
Intro to Data Science Using Python: Your Best Starting Point,https://www.udemy.com/course/intro-to-data-science-using-python-your-best-starting-point/?couponCode=FREEUL,False
Logistics and supply chain management (Masterclass Gold),https://www.udemy.com/course/logistics-and-supply-chain-management-masterclass-gold/?couponCode=MICOM3,False
Artificial Intelligence for Civil Engineers: Part 1,https://www.udemy.com/course/artificial-intelligence-for-civil-engineers-part-1/?couponCode=0C9863CAC4545AE8A722,False
Artificial Intelligence for Civil Engineers (Part 1): Tamil,https://www.udemy.com/course/artificial-intelligence-for-civil-engineers-part-1-tamil/?couponCode=32B6D54AB5A7CADB5DAD,False
Python Scrapy : For Beginners,https://click.linksynergy.com/deeplink?id=bt30QTxEyjA&mid=39197&murl=https%3A%2F%2Fwww.udemy.com%2Fcourse%2Fpython-scrapy-for-beginners%2F,False
Vue.js Fast Crash Course,https://bit.ly/2OuIOmN,False
Infinite Scroll Project AJAX MySQL API PHP jQuery,https://bit.ly/2R0nVS2,False
CCNA VLOGs,https://bit.ly/2OT7mol,False
Python & Cryptocurrency: Build 5 Real World Applications,https://bit.ly/2DsyCok,False
PMI-001 PMP V5 Planning Certification Practice Exam,https://click.linksynergy.com/deeplink?id=bt30QTxEyjA&mid=39197&murl=https%3A%2F%2Fwww.udemy.com%2Fcourse%2Fpmi-001-pmp-v5-planning-certification-practice-exam-j%2F%3FcouponCode%3DPLANNING,False
WordPress Basics: Learn WordPress in one hour!,https://click.linksynergy.com/deeplink?id=bt30QTxEyjA&mid=39197&murl=https%3A%2F%2Fwww.udemy.com%2Fcourse%2Fwordpress-basics-learn-wordpress-in-one-hour%2F,False
Quick-start with JavaScript in 2020,https://click.linksynergy.com/deeplink?id=bt30QTxEyjA&mid=39197&murl=https%3A%2F%2Fwww.udemy.com%2Fcourse%2Fquick-start-with-javascript-in-2020%2F%3FcouponCode%3D0107953A859A067EB7EF,False
React basic in just 1 hour,https://bit.ly/2DnNyEj,False
Mastery in Java EJB: Step by Step First EJB Application,https://click.linksynergy.com/deeplink?id=bt30QTxEyjA&mid=39197&murl=https%3A%2F%2Fwww.udemy.com%2Fcourse%2Fmastery-in-java-ejb%2F%3FcouponCode%3DFREE4THREEDAY,False
Ionic 3 para iniciantes,https://bit.ly/2qWgeSa,False
Build Your First Games in GameMaker Studio,https://click.linksynergy.com/deeplink?id=bt30QTxEyjA&mid=39197&murl=https%3A%2F%2Fwww.udemy.com%2Fcourse%2Fbuild-your-first-games-in-gamemaker-studio%2F,False
Python from Intermediate to Expert,https://click.linksynergy.com/deeplink?id=bt30QTxEyjA&mid=39197&murl=https%3A%2F%2Fwww.udemy.com%2Fcourse%2Fpython-beginner-to-expert%2F%3FcouponCode%3DFREE4THREEDAYS,False
Useful Excel for Beginners,https://bit.ly/2L2FcX1,False
Master in Hacking with Metasploit,https://click.linksynergy.com/deeplink?id=bt30QTxEyjA&mid=39197&murl=https%3A%2F%2Fwww.udemy.com%2Fcourse%2Fmaster-in-hacking-with-metasploit%2F%3FcouponCode%3D1_LAKH_FREE_OFF,False
Introduction to iOS 11 Development: Swift 4 and Xcode 9,https://bit.ly/34sKfb5,False
Learn Android Application Development,https://bit.ly/34rUwnD,False
Build a Responsive Website with a Modern Flat Design,https://bit.ly/2R1b9mm,False
Spring Framework And Dependency Injection For Beginners,https://bit.ly/2OqqBH0,False
"C++, Short and Sweet, Part 1",https://bit.ly/33pyUHq,False
Learn Webpack 2 from scratch,https://bit.ly/2ORmByf,False
AutoCAD 2020 and Artificial Intelligence Tools,https://click.linksynergy.com/deeplink?id=bt30QTxEyjA&mid=39197&murl=https%3A%2F%2Fwww.udemy.com%2Fcourse%2Fautocad-2020-and-artificial-intelligence-tools-part-2%2F%3FcouponCode%3D53B6885D82E69386354E,False
Angular Fast Crash Course,https://bit.ly/2DpIf7s,False
AWS Architecture Best Practices,https://click.linksynergy.com/deeplink?id=bt30QTxEyjA&mid=39197&murl=https%3A%2F%2Fwww.udemy.com%2Fcourse%2Fawsbestpractices%2F,False
How To Get a Web Domain and Unlimited Hosting for Free,https://bit.ly/33pG6mD,False
Getting Started as a Web Developer,https://bit.ly/34FhCao,False
Material for Angular 6 - UI UX Ivy League Instructor,https://bit.ly/33vv4fM,False
React vs Angular vs Vue.js by Example,https://bit.ly/2OPU5NC,False
Java Tutorial for Complete Beginners,https://bit.ly/34tMv1G,False
The Advanced HTML5 Bootcamp,https://bit.ly/34zpBWQ,False
HTML Introduction Course: Learn HTML in 2 hours!!!,https://bit.ly/2rxlyeP,False
Setup OS X development environments,https://bit.ly/34v4btB,False
2020 AJAX API JSON Connect to JSON data using AJAX webpage,https://click.linksynergy.com/deeplink?id=bt30QTxEyjA&mid=39197&murl=https%3A%2F%2Fwww.udemy.com%2Fcourse%2Fajax-api-json%2F,False
The Complete IP Subnetting Course,https://bit.ly/2sqxcsr,False
Introduction to Databases and SQL Querying,https://bit.ly/2OtVYR5,False
Python Programming for Beginners,https://click.linksynergy.com/deeplink?id=bt30QTxEyjA&mid=39197&murl=https%3A%2F%2Fwww.udemy.com%2Fcourse%2Fjust-enough-python%2F%3FcouponCode%3DPYTHON_FOR_ML,False
Building a Facebook Chatbot in Chatfuel,https://bit.ly/2XRmEhI,False
Database Design and Management,https://bit.ly/2R20rMn,False
Introduction to Internet of Things and Cloud,https://bit.ly/35JXggi,False
Introduction to Data Science using Python (Module 1/3),https://bit.ly/2L1m8bE,False
"Real Time Chat With Laravel Broadcast, Pusher and Vuejs",https://bit.ly/2DletAP,False
Getting Started with TypeScript // A Javascript Compiler,https://bit.ly/2rtItaV,False
Leveling up to ES6,https://bit.ly/2sl2JvH,False
Golang - JumpStart on Cloud,https://bit.ly/2QZXZpQ,False
Learn Test Automation with Boozang,https://bit.ly/2XTc9KI,False
Big Data and Hadoop Essentials,https://bit.ly/2XThOAx,False
Introduction to Developing QGIS Python Plugins,https://click.linksynergy.com/deeplink?id=bt30QTxEyjA&mid=39197&murl=https%3A%2F%2Fwww.udemy.com%2Fcourse%2Fintroduction-to-developing-qgis-python-plugins%2F,False
Learn Qt and QML by Creating Cross Platform Apps with Felgo,https://bit.ly/37JPwNb,False
Developing a classified website using Laravel 5.8,https://click.linksynergy.com/deeplink?id=bt30QTxEyjA&mid=39197&murl=https%3A%2F%2Fwww.udemy.com%2Fcourse%2Fdeveloping-a-classified-website-using-laravel-58%2F,False
100% Off – Clean Eating U: A Beginners Path to Healthier Food Choices course coup...,https://www.udemy.com/course/clean-eating-u/?couponCode=CLEANEATINGULAUNCH,False
100% Off – Secure Coding: OWASP Top 10 Best Practices! course coupon,https://www.udemy.com/course/secure-coding-owasp-top-10-best-practices/?couponCode=FIRSTWELCOME,False
100% Off – Growth Hacking. Cómo hacer crecer rápido tu negocio course coupon,https://www.udemy.com/course/growth-hacking-como-hacer-crecer-rapido-tu-negocio/?couponCode=CRIPTOAMIGOS2,False
– YouTube SEO 2020: 15 Powerful YouTube SEO Strategies course coupon,https://www.udemy.com/course/youtube-seo-course/?couponCode=687DDAB248C3EAA7773E,False
100% Off – How to Create and Embed Malware (2-in-1 Course) course coupon,https://www.udemy.com/course/how-to-create-and-embed-malware/?couponCode=NEWELCOME,False
100% Off – Become a Social Media Manager in 10 Days course coupon,https://www.udemy.com/course/become-a-social-media-manager-in-10-days/?couponCode=DEC2019,False
100% Off – Cscp (Certified Supply Chain Professional) Practice Material course co...,https://www.udemy.com/course/cscp-certified-supply-chain-professional-practice-material/?couponCode=B99BF754E3AD8E82F494,False
Let Me Google That For You course,https://www.udemy.com/let-me-google-that-for-you/?couponCode=FREETHO,False
"A More Productive, Healthier and Happier You in 13 Weeks course",https://www.udemy.com/productivity-goals-habits-mindfulness/?couponCode=500FREE,False
FREE Python and Javascript Programming Bundle course coupon,https://www.udemy.com/python-and-javascript-programming-bundle/,False
